<?xml version="1.0" encoding="utf-8"?>
<state><branchmode>0000001100</branchmode><vparam><tau>0.12</tau><taueff>0.12</taueff><etrial>1</etrial><eref>1</eref><branchmax>1</branchmax><branchcutoff>1</branchcutoff><branchfilter>1</branchfilter><sigma>1</sigma><acc_energy>1</acc_energy><acc_samples>0</acc_samples></vparam><iparam><warmupsteps>100</warmupsteps><energyupdateinterval>1</energyupdateinterval><counter>-1</counter><targetwalkers>0</targetwalkers><maxwalkers>1088</maxwalkers><minwalkers>1088</minwalkers><brnachinterval>1</brnachinterval></iparam><energy><value>0</value><value_squared>0</value_squared><weight>0</weight></energy><variance><value>0</value><value_squared>0</value_squared><weight>0</weight></variance><r2accepted><value>1e-10</value><value_squared>1.0000000000000001e-20</value_squared><weight>1</weight></r2accepted><r2proposed><value>1e-10</value><value_squared>1.0000000000000001e-20</value_squared><weight>1</weight></r2proposed></state>