<?xml version="1.0"?>
<qmcsystem>
  <particleset name="ion0" size="1">
    <group name="Fe">
      <parameter name="charge">16</parameter>
      <parameter name="valence">16</parameter>
      <parameter name="atomicnumber">26</parameter>
    </group>
    <attrib name="position" datatype="posArray">
  0.0000000000e+00  0.0000000000e+00  0.0000000000e+00
</attrib>
    <attrib name="ionid" datatype="stringArray">
 Fe 
</attrib>
  </particleset>
  <particleset name="e" random="yes" randomsrc="ion0">
    <group name="u" size="10">
      <parameter name="charge">-1</parameter>
    </group>
    <group name="d" size="6">
      <parameter name="charge">-1</parameter>
    </group>
  </particleset>
</qmcsystem>
